Название,№ ПУ,"Сборы, руб.",Тип,Возрастное ограничение
Холоп,111021719,3073568690.79,художественный,«12+» для детей старше 12 лет
Король Лев,124004919 / 124002720,2635292045.64,анимационный,«6+» для детей старше 6 лет
Мстители: Финал,121005519,2576613776.83,художественный,«16+» для детей старше 16 лет
Т-34,111024918,2271754004.52,художественный,«12+» для детей старше 12 лет
Малефисента: Владычица тьмы,121026219,1911944865.95,художественный,«6+» для детей старше 6 лет
Джокер,121027519,1890368076.47,художественный,«18+» запрещено для детей
Холодное сердце II,124009619,1827244672.81,анимационный,«6+» для детей старше 6 лет
Как приручить дракона 3,124000719,1689540830.24,анимационный,«6+» для детей старше 6 лет
Тайная жизнь домашних животных 2,124003519,1478921168.46,анимационный,«6+» для детей старше 6 лет
Аладдин,121011419 / 121009320,1216635885.95,художественный,«6+» для детей старше 6 лет
Человек-Паук: Вдали от дома,121018019,1203696013.3,художественный,«12+» для детей старше 12 лет
Капитан Марвел,121002119,1144426298.04,художественный,«16+» для детей старше 16 лет
Однажды... в Голливуде,121021719,1121948935.25,художественный,«18+» запрещено для детей
Джуманджи: Новый уровень,121034919,1120026171.85,художественный,«12+» для детей старше 12 лет
Оно-2,121025619,1107949704.83,художественный,«18+» запрещено для детей
Форсаж: Хоббс и Шоу,121021319,1065210005.03,художественный,«12+» для детей старше 12 лет
Полицейский с Рублевки. Новогодний беспредел 2,111019519,1039706431.83,художественный,«12+» для детей старше 12 лет
Семейка Аддамс,124008819,792451044.86,анимационный,«12+» для детей старше 12 лет
Алита: Боевой ангел,121000619,757864674.99,художественный,«16+» для детей старше 16 лет
Союз спасения,111022019,717703185.53,художественный,«12+» для детей старше 12 лет
Эверест,124008119,689483900.11,анимационный,«6+» для детей старше 6 лет
Звёздные войны: Скайуокер. Восход,121037619 / 121009620,671217880,художественный,«16+» для детей старше 16 лет
Ford против Ferrari,121032719 / 121009020,652455277.78,художественный,«16+» для детей старше 16 лет
Стекло,121030318,643121241.37,художественный,«16+» для детей старше 16 лет
Шазам!,121006519,634644321.83,художественный,«12+» для детей старше 12 лет
Люди в черном: Интернэшнл,121015319,593297732.56,художественный,«12+» для детей старше 12 лет
Зеленая книга,121029418,573225709.24,художественный,«16+» для детей старше 16 лет
Громкая связь,111001519,524897298.17,художественный,«16+» для детей старше 16 лет
Angry birds 2 в кино,124005619,517116584.52,анимационный,«6+» для детей старше 6 лет
Иван Царевич и Серый волк 4,114005019,501069235,анимационный,«6+» для детей старше 6 лет
Терминатор: Темные судьбы,121030819,490745769.35,художественный,«16+» для детей старше 16 лет
История игрушек 4,124004519,487397070.11,анимационный,«6+» для детей старше 6 лет
Покемон. Детектив Пикачу,121012719,481552224.42,художественный,«12+» для детей старше 12 лет
Дамбо,121005419,472692133.49,художественный,«6+» для детей старше 6 лет
Бабушка лёгкого поведения 2,111000519,439776371.25,художественный,«16+» для детей старше 16 лет
Джон Уик 3,121011919,438116605.55,художественный,«18+» запрещено для детей
Люди Икс: Темный феникс,121014119,418607611.6,художественный,«16+» для детей старше 16 лет
Миллиард,111006719,408646665.7,художественный,«12+» для детей старше 12 лет
Фиксики против Кработов,114004819,387590521.72,анимационный,«6+» для детей старше 6 лет
Текст,111015619,379954258.56,художественный,«18+» запрещено для детей
Кладбище домашних животных,124001819,373640084.53,анимационный,«18+» запрещено для детей
Достать ножи,121030519,371749522.96,художественный,«16+» для детей старше 16 лет
Проклятие Аннабель-3,121016819,349243824.5,художественный,«18+» запрещено для детей
Отпетые мошенницы,121010419,344341348.31,художественный,«16+» для детей старше 16 лет
Тайна Печати Дракона,111012819,333597059.59,художественный,«6+» для детей старше 6 лет
К звездам,121026919,330490318.8,художественный,«16+» для детей старше 16 лет
Балканский рубеж,111004119,307650644.24,художественный,«16+» для детей старше 16 лет
Любовницы,111002119 / 111003519,291445305.67,художественный,«16+» для детей старше 16 лет / «18+» запрещено для детей
Годзилла 2: Король монстров,121013919,284524397.6,художественный,«16+» для детей старше 16 лет
Доктор Сон,121032219,268686876.18,художественный,«18+» запрещено для детей
Гемини,121029219,267748808.6,художественный,«12+» для детей старше 12 лет
Zомбилэнд: Контрольный выстрел,121028419,249896477.92,художественный,«18+» запрещено для детей
Хеллбой,121006819,245756613.08,художественный,«18+» запрещено для детей
Мэри Поппинс возвращается,121028118,224851164.51,художественный,«6+» для детей старше 6 лет
Волшебный парк Джун,124001519,220907433.44,анимационный,«6+» для детей старше 6 лет
Трезвый водитель,111004519,214871745.61,художественный,«16+» для детей старше 16 лет
Клаустрофобы,121000819,214750607.89,художественный,«16+» для детей старше 16 лет
Анна,121018719,212821214.01,художественный,«18+» запрещено для детей
ЛЕГО Фильм-2,124000219,212345239.88,анимационный,«6+» для детей старше 6 лет
В метре друг от друга,121009719,199396759.12,художественный,«16+» для детей старше 16 лет
Спасти Ленинград,111000319,194845829.65,художественный,«12+» для детей старше 12 лет
Рождество на двоих,121036019,190311252.73,художественный,«16+» для детей старше 16 лет
После,121008019,188358506.57,художественный,«16+» для детей старше 16 лет
Королевский корги,124001019,187892580.14,анимационный,«6+» для детей старше 6 лет
Снежная королева: Зазеркалье,114010018,185318326.02,анимационный,«6+» для детей старше 6 лет
Собачья жизнь 2,121016919,181469735.01,художественный,«12+» для детей старше 12 лет
Стриптизёрши,121026619,175534533.78,художественный,«18+» запрещено для детей
Герой,111015819,172871342.04,художественный,«12+» для детей старше 12 лет
Аванпост,111018319,163684958.82,художественный,«16+» для детей старше 16 лет
Мульт в кино. Выпуск № 88-109,,152315620.48,анимационный,«0+» для любой зрительской аудитории
Путь домой,121030218,151063497.46,художественный,«6+» для детей старше 6 лет
Большое путешествие,114002419,147606826.51,анимационный,«6+» для детей старше 6 лет
Капкан,121023619,147530273.22,художественный,«18+» запрещено для детей
Проклятие плачущей,121008619,143998019.37,художественный,«18+» запрещено для детей
Мы,121005819,142196863.98,художественный,«18+» запрещено для детей
Тобол,111002419,138162876.53,художественный,«16+» для детей старше 16 лет
Счастливого нового дня смерти,121002419,127365724.05,художественный,«18+» запрещено для детей
Крид-2,121030018,126785757.31,художественный,«16+» для детей старше 16 лет
Наркокурьер,121003119,124719701.28,художественный,«18+» запрещено для детей
Я иду искать,121024819,120973463.02,художественный,«18+» запрещено для детей
Домовой,111005919,120308430.15,художественный,«6+» для детей старше 6 лет
Как я стал русским,111026418,119607532.46,художественный,«16+» для детей старше 16 лет
Страшные истории для рассказа в темноте,121021219,117789747.38,художественный,«16+» для детей старше 16 лет
Дора и Затерянный город,121022719,116870342.06,художественный,«6+» для детей старше 6 лет
Щенячий патруль (8 выпусков),124001919 / 124002719 / 124004019 / 124005119 / 124006519 / 124008219 / 124008919 / 124010119,116137094.72,анимационный,«0+» для любой зрительской аудитории
Лев Яшин. Вратарь моей мечты,111018719,114090162.74,художественный,«6+» для детей старше 6 лет
Паразиты,121017919,108473817.14,художественный,«18+» запрещено для детей
Волки и овцы: Ход свиньей,114000219,108195236.2,анимационный,«6+» для детей старше 6 лет
Семь ужинов,111024018,106388226.57,художественный,«12+» для детей старше 12 лет
Ангелы Чарли,121033119,106125455.62,художественный,«16+» для детей старше 16 лет
Эбигейл,111014219,104763979.99,художественный,«6+» для детей старше 6 лет
Давай разведемся!,111009519,103098290.54,художественный,«12+» для детей старше 12 лет
Та еще парочка,121016019,98174012.32,художественный,«18+» запрещено для детей
Верность,111009119,97637352.29,художественный,«18+» запрещено для детей
Девушки бывают разные,111014719,96830245.58,художественный,«16+» для детей старше 16 лет
Начни сначала,121030918,91001263.44,художественный,«16+» для детей старше 16 лет
Дождливый день в Нью-Йорке,121028519,88901299.13,художественный,«16+» для детей старше 16 лет
Во все тяжкое,121032319,87446283.62,художественный,«18+» запрещено для детей
Семья по-быстрому,121031918,87382668.68,художественный,«16+» для детей старше 16 лет
Пиковая дама. Зазеркалье,111003619,86371124.57,художественный,«16+» для детей старше 16 лет
Ржев,111019219,86340133.01,художественный,«12+» для детей старше 12 лет
Фаворитка,121029218,84636096.26,художественный,«18+» запрещено для детей
Одесса,111009419,83991589.62,художественный,«18+» запрещено для детей
"Гори, гори ясно",121011519,81364262.36,художественный,«18+» запрещено для детей
Королевские каникулы,124006119,79605056.95,анимационный,«6+» для детей старше 6 лет
Рожденный стать королем,121001019,76709327.56,художественный,«6+» для детей старше 6 лет
Щегол,121026019,74778916.1,художественный,«18+» запрещено для детей
Рокетмен,121014319,72795292.56,художественный,«18+» запрещено для детей
Урфин Джюс возвращается,114004019,68549523.47,анимационный,«6+» для детей старше 6 лет
Робо,111017319,66504721.61,художественный,«6+» для детей старше 6 лет
Астерикс и тайное зелье,124005418,64396723.21,анимационный,«6+» для детей старше 6 лет
Сиротский Бруклин,121036119,64137344.99,художественный,«18+» запрещено для детей
Игры разумов,121010119,62039039.79,художественный,«16+» для детей старше 16 лет
Курск,121010919,60743504.4,художественный,«16+» для детей старше 16 лет
Ма,121015419,58778318.09,художественный,«18+» запрещено для детей
"Али, рули!",121018119,58351843.08,художественный,«18+» запрещено для детей
Море соблазна,121027718,57202293.85,художественный,«18+» запрещено для детей
Детские игры,121016619,56652916.63,художественный,«18+» запрещено для детей
Девятая,111007019,55876887.4,художественный,«16+» для детей старше 16 лет
Падение ангела,121024319,54901055.25,художественный,«16+» для детей старше 16 лет
Комната желаний,121025919,54392427.18,художественный,«16+» для детей старше 16 лет
Грех,111014419,54243202.71,художественный,«16+» для детей старше 16 лет
Солнцестояние,121019519,54010254.23,художественный,«18+» запрещено для детей
Рассвет,111000419,53449711.94,художественный,«16+» для детей старше 16 лет
Две королевы,121029618,52997308.63,художественный,«18+» запрещено для детей
Кадавр,121002019,52000551.2,художественный,«18+» запрещено для детей
Синяя бездна 2,121022819,51609872.85,художественный,«16+» для детей старше 16 лет
Рэмбо: Последняя кровь,121027419,49649069.06,художественный,«18+» запрещено для детей
BTS: Открой свою душу. Фильм,126002519,49588994.97,другой,«12+» для детей старше 12 лет
Yesterday (Вчера),121025419,46769961.08,художественный,«12+» для детей старше 12 лет
Братство,111006319,46350172.49,художественный,«16+» для детей старше 16 лет
Власть,121001319,45570116.58,художественный,«18+» запрещено для детей
Коридор бессмертия,111006619,44729932.68,художественный,«12+» для детей старше 12 лет
Жил-был Дэдпул,121029318,44475165.57,художественный,«16+» для детей старше 16 лет
Мертвые не умирают,121017819,42898693.12,художественный,«18+» запрещено для детей
Видок: Охотник на призраков,121020219,41616573.67,художественный,«18+» запрещено для детей
Хороший лжец,121033319,40822738.4,художественный,«18+» запрещено для детей
Омен: Перерождение,121002319,39555817.36,художественный,«18+» запрещено для детей
Дитя погоды,124008619,39487690.69,анимационный,«12+» для детей старше 12 лет
Снегоуборщик,121001119,38824198.52,художественный,«18+» запрещено для детей
Дорогой папа,111013419,38811307.87,художественный,«12+» для детей старше 12 лет
Мидуэй,121033419,38460928.47,художественный,«16+» для детей старше 16 лет
Стражи Арктики,124009319,38067198.96,анимационный,«6+» для детей старше 6 лет
Пушистый шпион,124002119,38045964.05,анимационный,«6+» для детей старше 6 лет
Пункт назначения: Смайл,121026419,37902230.42,художественный,«16+» для детей старше 16 лет
Астрал: Новое измерение,121031118,37445187.25,художественный,«16+» для детей старше 16 лет
Завод,111001319,36356076.06,художественный,«16+» для детей старше 16 лет
Аббатство Даунтон,121031019,35447031.9,художественный,«18+» запрещено для детей
Пляжный бездельник,121004719,34832812.41,художественный,«18+» запрещено для детей
Родители легкого поведения,121004319,34669435.82,художественный,«18+» запрещено для детей
Миа и белый лев,121028618,34272534.38,художественный,«6+» для детей старше 6 лет
Тёмное зеркало,121030718,33261829.55,художественный,«18+» запрещено для детей
В объятиях лжи,121004919,32893708.17,художественный,«18+» запрещено для детей
Битва,111013619,32721103.43,художественный,«6+» для детей старше 6 лет
Птичий дозор,124006619,32198090.69,анимационный,«6+» для детей старше 6 лет
Потерянное звено,124001719,32011655.55,анимационный,«6+» для детей старше 6 лет
Гости,111023818,31761131.34,художественный,«16+» для детей старше 16 лет
Ван Гог. На пороге вечности,121030518,31581067.27,художественный,«16+» для детей старше 16 лет
Война токов,121034219,30672799.21,художественный,«12+» для детей старше 12 лет
Гурвинек. Волшебная игра,114001418,30325879.15,анимационный,«6+» для детей старше 6 лет
Отель Мумбаи: Противостояние,121007019,30084581.97,художественный,«18+» запрещено для детей
Руслан и Людмила: Перезагрузка,124005519,29753721.74,анимационный,«6+» для детей старше 6 лет
Игра Ганнибала,121024519,29286455.56,художественный,«18+» запрещено для детей
Боль и слава,121014519,28535378.46,художественный,«18+» запрещено для детей
Сестренка,111012319,27853374.23,художественный,«6+» для детей старше 6 лет
Дылда,111008419,27525124.4,художественный,«16+» для детей старше 16 лет
Искусство обмана,121018919,27120188.51,художественный,«18+» запрещено для детей
Маугли дикой планеты,124003019,26931468.31,анимационный,«6+» для детей старше 6 лет
"Красивый, плохой, злой",121012019,26259140.07,художественный,«18+» запрещено для детей
Побег из джунглей,124007819,25475357.99,анимационный,«6+» для детей старше 6 лет
Обратный отсчет,121034019,25246662,художественный,«16+» для детей старше 16 лет
Норм и несокрушимые: Большое путешествие,124005019,24966272.15,анимационный,«6+» для детей старше 6 лет
Трудности выживания,111013019,24101208.37,художественный,«16+» для детей старше 16 лет
Последствия,121006119,23601594.31,художественный,«18+» запрещено для детей
BEEF: Русский хип-хоп,112000419,23420274.32,документальный,«16+» для детей старше 16 лет
21 мост,121036719,23202909.88,художественный,«18+» запрещено для детей
Холмс и Ватсон,121030818,22885382.9,художественный,«16+» для детей старше 16 лет
Жара,111014519,22038632.94,художественный,«16+» для детей старше 16 лет
1+1: Голливудская история,121029518,21919521.32,художественный,«16+» для детей старше 16 лет
Нуреев. Белый ворон,121008119,21390102.93,художественный,«16+» для детей старше 16 лет
Юморист,111017918,21363842.53,художественный,«16+» для детей старше 16 лет
Шутки в сторону 2: Миссия в Майами,121003319,18910986.53,художественный,«16+» для детей старше 16 лет
Команда мечты,111013219,18878460.81,художественный,«6+» для детей старше 6 лет
Тварь,111019419,18617156.96,художественный,«16+» для детей старше 16 лет
"Окей, Лекси!",121029419,18070147.14,художественный,«18+» запрещено для детей
Черное Рождество,121038319,18001772.43,художественный,«18+» запрещено для детей
До скорой встречи,121020619,17612144.67,художественный,«18+» запрещено для детей
Лови момент,111002319,17358253.31,художественный,«16+» для детей старше 16 лет
Ибица,121018219,16949986.24,художественный,«18+» запрещено для детей
Они,121030219,16853447.16,художественный,«18+» запрещено для детей
Бык,111009619,16763623.31,художественный,«16+» для детей старше 16 лет
Красавчик со стажем,121015519,16744334.29,художественный,«16+» для детей старше 16 лет
Середина 90-х,121004419,16707120.55,художественный,«18+» запрещено для детей
Решала. Нулевые,111019719,16696944.62,художественный,«18+» запрещено для детей
Ван Гоги,111007818,16507560.58,художественный,«16+» для детей старше 16 лет
Агент Мамбо,111004319,16334733,художественный,«16+» для детей старше 16 лет
UglyDolls. Куклы с характером,124005719,16277926.46,анимационный,«6+» для детей старше 6 лет
Затерянные во льдах,121001519,16213371.99,художественный,«12+» для детей старше 12 лет
Война Анны,111003618,16189628.99,художественный,«12+» для детей старше 12 лет
Шаг вперед 6: Год танцев,121020819,15807297.81,художественный,«12+» для детей старше 12 лет
Мирай из будущего,124000119,15523879.43,анимационный,«6+» для детей старше 6 лет
Арахисовый сокол,121029919,14910889.98,художественный,«12+» для детей старше 12 лет
Другой,121005219,14343267.14,художественный,«18+» запрещено для детей
Время возмездия,121001819,14124059.52,художественный,«18+» запрещено для детей
Волшебник,111016219,13848461.92,художественный,«12+» для детей старше 12 лет
Букашки 2,124002019,13779632.32,анимационный,«0+» для любой зрительской аудитории
План побега 3,121017519,13756282.26,художественный,«18+» запрещено для детей
100 вещей и ничего лишнего,121003219,13469793.36,художественный,«18+» запрещено для детей
Прекрасная эпоха,121033219,13079651.5,художественный,«18+» запрещено для детей
Дитя робота,121013319,12985002.93,художественный,«16+» для детей старше 16 лет
Сельма в городе призраков,124008319,12875350.34,анимационный,«6+» для детей старше 6 лет
Ты умеешь хранить секреты?,121027919,12343092.21,художественный,«16+» для детей старше 16 лет
Француз,111007819,12316723.64,художественный,«16+» для детей старше 16 лет
Lil Peep: Всё для всех,126006919,12300474.55,другой,«18+» запрещено для детей
Надо мною солнце не садится,111006519,12175713,художественный,«6+» для детей старше 6 лет
Отрыв,111000619,11700861.81,художественный,«16+» для детей старше 16 лет
Донбасс. Окраина,111007919,10933431.92,художественный,«12+» для детей старше 12 лет
Звонок мертвецу,121004619,10563113.02,художественный,«18+» запрещено для детей
Три секунды,121030919,10343706.65,художественный,«18+» запрещено для детей
Смерть и жизнь Джона Ф.Донована,121022119,10252284.84,художественный,«18+» запрещено для детей
Пышка,121028218,10097673.5,художественный,«16+» для детей старше 16 лет
Битва за Землю,121013719,9702037.67,художественный,«16+» для детей старше 16 лет
Закатать в асфальт,121004219,9553451.83,художественный,«18+» запрещено для детей
Белый парень Рик,121030418,9538379.99,художественный,«18+» запрещено для детей
Присягнувшая тьме,121017219,9479265.98,художественный,«18+» запрещено для детей
Высшее общество,121005719,9355374.84,художественный,«18+» запрещено для детей
Леонардо да Винчи. Неизведанные миры,126004219,9319951.95,другой,«12+» для детей старше 12 лет
Лабиринты прошлого,121031418,9311592,художественный,«16+» для детей старше 16 лет
На Париж,111006819,9197107.51,художественный,«18+» запрещено для детей
Невиновен,111013218 / 111019319,8910476,художественный,«16+» для детей старше 16 лет
"Куда ты пропала, Бернадетт?",121024619,8887735,художественный,«16+» для детей старше 16 лет
Соблазн,121019419,8569387.42,художественный,«18+» запрещено для детей
Ядовитая роза,121013619,8523922.5,художественный,«18+» запрещено для детей
Код Красный,121007319,8356319.71,художественный,«18+» запрещено для детей
Тетрадь дружбы Нацумэ,124000619,8335973.79,анимационный,«6+» для детей старше 6 лет
Пирсинг,121030118,8203218.52,художественный,«18+» запрещено для детей
Капернаум,121000919,8085578.74,художественный,«18+» запрещено для детей
Клара и Волшебный дракон,124009019,7899828.75,анимационный,«6+» для детей старше 6 лет
Приключения Реми,121019319,7897741.62,художественный,«6+» для детей старше 6 лет
Выше неба,111009719 / 111005419,7572575.5,художественный,«16+» для детей старше 16 лет / «18+» запрещено для детей
Снежные гонки,224003118,7564303.49,анимационный,«6+» для детей старше 6 лет
Синонимы,121009419,7386708.52,художественный,«18+» запрещено для детей
Люби их всех,111007119,7228655.57,художественный,«18+» запрещено для детей
Поменяться местами,121030719,7161494.96,художественный,«16+» для детей старше 16 лет
Стертая личность,121003619,7150701.5,художественный,«18+» запрещено для детей
Сторож,111009819,7093374.3,художественный,«16+» для детей старше 16 лет
Варавва,111006918,7053686.26,художественный,«12+» для детей старше 12 лет
Спасибо деду за Победу,111007219,6903398.5,художественный,«6+» для детей старше 6 лет
Голоса с того света,121021019,6720891.97,художественный,«18+» запрещено для детей
Голем: Начало,121017719,6689235.5,художественный,«18+» запрещено для детей
Однажды в Стокгольме,121016319,6434587.4,художественный,«18+» запрещено для детей
Манхэттенский фестиваль короткометражного кино 2019,121025219,6341493,художественный,«18+» запрещено для детей
Акварель,126004419,6330992.5,другой,«12+» для детей старше 12 лет
Микеланджело. Бесконечность,126000619,6308384.48,другой,«12+» для детей старше 12 лет
Норм и несокрушимые: Ключи от королевства,124001319,6252883.58,анимационный,«6+» для детей старше 6 лет
Best Erotic Shorts. Альманах,121033019,6164575.34,художественный,«18+» запрещено для детей
Бэйбэрикээн,111005119,6152598,художественный,«6+» для детей старше 6 лет
Идеальный пациент,121032819,6121824,художественный,«18+» запрещено для детей
Промар,124006819,5966157.5,анимационный,«12+» для детей старше 12 лет
Опасные секреты,121023719,5956132.53,художественный,«16+» для детей старше 16 лет
Куриоса,121014019,5901733.46,художественный,«18+» запрещено для детей
Солдатик,111004019,5799073.05,художественный,«6+» для детей старше 6 лет
Я не такой. Я не такая,111008319,5751740.5,художественный,«16+» для детей старше 16 лет
Питомец Юрского периода,121015819,5731405.1,художественный,«6+» для детей старше 6 лет
Ангел,121031018,5712897.7,художественный,«18+» запрещено для детей
"Берлин, я люблю тебя",121016219,5603216.55,художественный,«18+» запрещено для детей
Аэронавты,121035519,5461209.45,художественный,«16+» для детей старше 16 лет
Код Гиас: Лелуш Воскресший,124005219,5422352.53,анимационный,«16+» для детей старше 16 лет
Тачка на миллион,121022619,5400212,художественный,«18+» запрещено для детей
Маленькие секреты большой компании,121024919,5356443,художественный,«16+» для детей старше 16 лет
После свадьбы,121027019,5192182.2,художественный,«16+» для детей старше 16 лет
Офелия,121019219,5131647.53,художественный,«16+» для детей старше 16 лет
Зов волка,121013019,5056881.33,художественный,«16+» для детей старше 16 лет
Химера,121032118,5054311.03,художественный,«18+» запрещено для детей
Играй или умри,121011719,5028070,художественный,«18+» запрещено для детей
"Проклятие ""Мэри""",121026319,4980435.07,художественный,«18+» запрещено для детей
Обитель тьмы,121018619,4972510.48,художественный,«18+» запрещено для детей
Тайна Мосли,124010419,4963920.97,анимационный,«6+» для детей старше 6 лет
Вокс Люкс,121003419,4929934.5,художественный,«18+» запрещено для детей
Клуб любителей книг и пирогов из картофельных очистков,121020419,4902848,художественный,«12+» для детей старше 12 лет
Обитель страха,121013519,4883153,художественный,«18+» запрещено для детей
Последнее испытание,111023018,4805348.52,художественный,«16+» для детей старше 16 лет
Как отмыть миллион,121021119,4795133.5,художественный,«16+» для детей старше 16 лет
Приключения Аладдина,121000119,4783481.5,художественный,«16+» для детей старше 16 лет
Амундсен,121006619,4765559.5,художественный,«12+» для детей старше 12 лет
За мечтой,121014719,4732610.1,художественный,«12+» для детей старше 12 лет
Черная полоса,121025618,4720682.5,художественный,«18+» запрещено для детей
Райские холмы,121031919,4654563.09,художественный,«16+» для детей старше 16 лет
Некромант,121020019,4601033.6,художественный,«16+» для детей старше 16 лет
Ангел мой,121022919,4554745,художественный,«18+» запрещено для детей
Курьер,121037019,4540375.73,художественный,«18+» запрещено для детей
Космическое приключение,124004219,4521233.86,анимационный,«6+» для детей старше 6 лет
Портрет девушки в огне,121030319,4498564.1,художественный,«18+» запрещено для детей
ВМаяковский,111002918,4462845.5,художественный,«16+» для детей старше 16 лет
Добыча,121028319,4416590.45,художественный,«16+» для детей старше 16 лет
Дети моря,124008019,4390438.01,анимационный,«12+» для детей старше 12 лет
Танцуй сердцем,121011219,4367482.86,художественный,«12+» для детей старше 12 лет
Пилигрим,111000119,4293649.51,художественный,«16+» для детей старше 16 лет
Гив ми либерти,121020319,4288938.5,художественный,«18+» запрещено для детей
Вельзевул,121012919,4274680.9,художественный,«18+» запрещено для детей
30 безумных желаний,121002619,4237829.5,художественный,«16+» для детей старше 16 лет
Клуб анонимных киллеров,121017019,4229946.52,художественный,«18+» запрещено для детей
Красивый мальчик,121031318,4193953.88,художественный,«18+» запрещено для детей
Проклятые,121011319,4146185.66,художественный,«18+» запрещено для детей
Матиас и Максим,121033519,4125676.5,художественный,«18+» запрещено для детей
Ничего себе каникулы!,121031718,4125487,художественный,«16+» для детей старше 16 лет
Работа без авторства,121025119,4116973.5,художественный,«18+» запрещено для детей
Экспедиция,111017719,4101781,художественный,«12+» для детей старше 12 лет
Вайолет Эвергарден: вечность и призрак пера,124009519,4012546.5,анимационный,«12+» для детей старше 12 лет
Добро пожаловать в Рим,121018519,3924123,художественный,«12+» для детей старше 12 лет
Робокар Поли: Приключение в Брумтауне,124009719,3885434.5,анимационный,«0+» для любой зрительской аудитории
Зеровилль,121025519,3787327.94,художественный,«18+» запрещено для детей
Плейбой под прикрытием,121011119,3695157.08,художественный,«18+» запрещено для детей
Новогодний ремонт,111018219,3591456.36,художественный,«12+» для детей старше 12 лет
Шедевр,121003019,3591049,художественный,«16+» для детей старше 16 лет
Джуди,121029019,3586753,художественный,«16+» для детей старше 16 лет
Бегство рогатых викингов,111001418,3574033.76,художественный,«0+» для любой зрительской аудитории
По воле божьей,121009319,3565967,художественный,«18+» запрещено для детей
Игра,111014618,3559301.5,художественный,«16+» для детей старше 16 лет
Петсон и Финдус. Финдус переезжает,121026519,3553554,художественный,«6+» для детей старше 6 лет
Святая Агата,121000419,3535771,художественный,«18+» запрещено для детей
Честный человек,121001219,3505648,художественный,«18+» запрещено для детей
ITALIAN BEST SHORTS 3: Итальянские фантазии (Лучшие итальянские короткометражки 3: Итальянские фантазии),121007119,3405545.76,художественный,«12+» для детей старше 12 лет
Дикая лига (авторская версия),111014819,3402053.55,художественный,«12+» для детей старше 12 лет
Тайна семьи монстров,124004718,3377378.97,анимационный,«6+» для детей старше 6 лет
Велотачки,124002919,3370796.5,анимационный,«6+» для детей старше 6 лет
Иные,121029719,3280933.02,художественный,«18+» запрещено для детей
Паваротти,126002419,3267514.61,другой,«16+» для детей старше 16 лет
Добро пожаловать в Акапулько,121004519,3256960,художественный,«16+» для детей старше 16 лет
Золотая перчатка,121011619,3232788,художественный,«18+» запрещено для детей
Амбивалентность,111014718,3228504,художественный,«18+» запрещено для детей
Кулук хомус (Проклятый хомус),111006419,3217854,художественный,«16+» для детей старше 16 лет
Мышеловка. 4Х4,121019919,3203581.62,художественный,«16+» для детей старше 16 лет
Ковер-самолет,124000319,3196478.46,анимационный,«6+» для детей старше 6 лет
Успех,111018519,3181218,художественный,«12+» для детей старше 12 лет
33 слова о дизайне,213003119,3169101,научно-популярный,«18+» запрещено для детей
Мой друг Зигмунд Фрейд,121015719,3162645,художественный,«18+» запрещено для детей
Реальная любовь в Нью-Йорке,121038219,3143790.5,художественный,«16+» для детей старше 16 лет
Белоснежка. Сказка для взрослых,121019619,3064805,художественный,«18+» запрещено для детей
Царство,121025719,3008230,художественный,«16+» для детей старше 16 лет
Кокаиновый барон,121029819,2975488,художественный,«18+» запрещено для детей
Рожденный после смерти,121036819,2938610.5,художественный,«18+» запрещено для детей
Болевой порог,111012219,2923602.5,художественный,«16+» для детей старше 16 лет
Домино,121014619,2888226.29,художественный,«18+» запрещено для детей
Raving Riot: Рейв у парламента,212023019,2884539,документальный,«16+» для детей старше 16 лет
Хрустальное небо вчерашнего дня,124001419,2878199.61,анимационный,«12+» для детей старше 12 лет
Маленькое красное платье,121019819,2828528,художественный,«18+» запрещено для детей
Девочка,121031218,2823286.5,художественный,«18+» запрещено для детей
Время монстров,121009219,2815146.25,художественный,«18+» запрещено для детей
Нежная рука закона,121005319,2753610.64,художественный,«16+» для детей старше 16 лет
Венецианский детектив,121005119,2662824.5,художественный,«12+» для детей старше 12 лет
"Папа, сдохни",111015018,2662002.99,художественный,«18+» запрещено для детей
Одной волшебной ночью,121035019,2631285,художественный,«18+» запрещено для детей
Обещание на рассвете,121002219,2628674.76,художественный,«16+» для детей старше 16 лет
Прощание,121028719,2617932.5,художественный,«16+» для детей старше 16 лет
Оленья кожа,121021819,2595629.5,художественный,«18+» запрещено для детей
Нет бога кроме меня (Ийэкээм),111013319,2532679,художественный,«16+» для детей старше 16 лет
Бладфест,121009619,2532606,художественный,«18+» запрещено для детей
7 социопатов,121021419,2527935.85,художественный,«18+» запрещено для детей
Маленькие чудовища,121028219,2497043.7,художественный,«18+» запрещено для детей
Связанные миры,124006919,2488435.51,анимационный,«12+» для детей старше 12 лет
Проклятый дом,121029918,2487021.25,художественный,«18+» запрещено для детей
Королева сердец,121011819,2486673,художественный,«18+» запрещено для детей
Белый лебедь,121006019,2482317,художественный,«18+» запрещено для детей
Великий северный путь,113000519,2459667.5,научно-популярный,«12+» для детей старше 12 лет
Водяная,111011518,2453299.34,художественный,«12+» для детей старше 12 лет
Айка,111002019,2446886,художественный,«16+» для детей старше 16 лет
Вита и Вирджиния,121008319,2405108.51,художественный,«18+» запрещено для детей
Сирано. Успеть до премьеры,121005619,2399461.5,художественный,«16+» для детей старше 16 лет
Предатель,121027319,2338788.5,художественный,«18+» запрещено для детей
Король Слон,124009819,2312351.5,анимационный,«6+» для детей старше 6 лет
Дитя тьмы,121010819,2276644.94,художественный,«18+» запрещено для детей
"Вудсток: Три дня, изменившие поколение",226010119,2267183,другой,«18+» запрещено для детей
Двойная жизнь,121013219,2265781.29,художественный,«16+» для детей старше 16 лет
Мысленный волк,111007419,2258384,художественный,«16+» для детей старше 16 лет
Суперсобаки,126003219,2255594,другой,«6+» для детей старше 6 лет
Между нами музыка,121015418,2249302.5,художественный,«18+» запрещено для детей
Романтики 303,121026018,2236562,художественный,«16+» для детей старше 16 лет
Эспен в поисках золотого замка,121033819,2226966.5,художественный,«6+» для детей старше 6 лет
Тим Талер или Проданный смех,121000519,2150333.22,художественный,«12+» для детей старше 12 лет
Пираньи Неаполя,121008219,2149592,художественный,«18+» запрещено для детей
Так сказал Чарли,121014219,2108793,художественный,«18+» запрещено для детей
Вернуть Бена,121000719,2094231.02,художественный,«18+» запрещено для детей
Робот 2.0,121020519,2093517,художественный,«12+» для детей старше 12 лет
Каннингем,126007419,2081733,другой,«16+» для детей старше 16 лет
Сделано в Италии,121031818,2061582.5,художественный,«16+» для детей старше 16 лет
Кунг-Фу воин,124001119,2013404.5,анимационный,«6+» для детей старше 6 лет
Исчезновение,121001419,2009266,художественный,«18+» запрещено для детей
Сорокин Трип,112004519,1973137,документальный,«16+» для детей старше 16 лет
Ленин. Неизбежность,111010619,1957979.5,художественный,«16+» для детей старше 16 лет
Элефант,111012719,1900650.94,художественный,«12+» для детей старше 12 лет
По половому признаку,121001719,1892689.5,художественный,«16+» для детей старше 16 лет
Тёмная сторона,121028019,1875740.5,художественный,«18+» запрещено для детей
Мы всегда жили в замке,121014819,1866460,художественный,«16+» для детей старше 16 лет
Месть Лиззи Борден,121031518,1861529.5,художественный,«18+» запрещено для детей
Студия 54,126004819,1857607,другой,«18+» запрещено для детей
В погоне за ветром,121032019,1850900,художественный,«12+» для детей старше 12 лет
Принцесса Эмми,124002619,1834079.5,анимационный,«6+» для детей старше 6 лет
Малыш Кид,121012519,1825288.96,художественный,«18+» запрещено для детей
SuperЗять,121006419,1801882,художественный,«16+» для детей старше 16 лет
Тень,121003719,1773235.5,художественный,«16+» для детей старше 16 лет
Парк развлечений,121005019,1770316.5,художественный,«16+» для детей старше 16 лет
"Маша и Медведь (Летние каникулы с Машей и Медведем; Делу время, а карнавал раз в год!; Из Англии с любовью!; Опять Новый год!)",124004619 / 214004919 / 124008419 / 114004519,1737512,анимационный,«0+» для любой зрительской аудитории
Ограбление по Фрейду,124002319,1721642.08,анимационный,«16+» для детей старше 16 лет
Свет моей жизни,121022019,1683790.5,художественный,«18+» запрещено для детей
Осада Ахульго,111026118,1677745,художественный,«12+» для детей старше 12 лет
Братья Медведи: Тайна трех миров,124007019,1666556.5,анимационный,«6+» для детей старше 6 лет
Двое,111005918,1662223,художественный,«16+» для детей старше 16 лет
Подкидыш,111010319,1626889,художественный,«6+» для детей старше 6 лет
Стажер,121028818,1602326,художественный,«16+» для детей старше 16 лет
В Кейптаунском порту…,111026018,1590168.02,художественный,«16+» для детей старше 16 лет
Фабрика грёз,121034419 / 121034319,1583335.5,художественный,«12+» для детей старше 12 лет
Руководство по сексу на втором свидании,121031219,1577907.9,художественный,«18+» запрещено для детей
Мой друг Робот,121019019,1564262,художественный,«6+» для детей старше 6 лет
Андрей Тарковский. Кино как молитва,213003219,1555375.5,научно-популярный,«12+» для детей старше 12 лет
Царь зверей,124009919,1550212,анимационный,«6+» для детей старше 6 лет
Музей Прадо: Коллекция чудес,126003819,1549242.52,другой,«16+» для детей старше 16 лет
"Та, которой не было",121027819,1547413.5,художественный,«16+» для детей старше 16 лет
Интервью с Богом,121028018,1545358.03,художественный,«16+» для детей старше 16 лет
Плюс один,121021919,1541769,художественный,«18+» запрещено для детей
Свадебный год,121031319,1535466,художественный,«18+» запрещено для детей
Большая поэзия,111008819,1535332.5,художественный,«18+» запрещено для детей
Русский бес,111005718,1530665.48,художественный,«18+» запрещено для детей
Разум и искусство,126002819,1524797.5,другой,«16+» для детей старше 16 лет
Леонардо. Вся история,126006419,1510714.08,другой,«12+» для детей старше 12 лет
Материнский инстинкт,121020719,1508877,художественный,«18+» запрещено для детей
Доктор Кто: Решение,,1493059.4,другой,«12+» для детей старше 12 лет
Сверхъестественное,121006219,1492792,художественный,«16+» для детей старше 16 лет
Коррупционер,121018819,1490149.5,художественный,«18+» запрещено для детей
Величайший кутюрье,126001719,1485359,другой,«16+» для детей старше 16 лет
Красивый бандит,121023119,1463723.97,художественный,«16+» для детей старше 16 лет
"Операция ""Колибри""",121027719,1450743,художественный,«16+» для детей старше 16 лет
Последняя любовь Казановы,121017619,1429137,художественный,«16+» для детей старше 16 лет
Бэст Сай-Фай (Best Sci-Fi),126003319,1423419.05,другой,«16+» для детей старше 16 лет
Баския: Взрыв реальности,126004118,1416635,другой,«16+» для детей старше 16 лет
Божественная любовь,121022319,1397680,художественный,«18+» запрещено для детей
Призрачный патруль,121024719,1392473.5,художественный,«16+» для детей старше 16 лет
Потерянный остров,111022118,1386930,художественный,«16+» для детей старше 16 лет
Аполлон-11,126001819,1385124,другой,«6+» для детей старше 6 лет
Весёлая ферма,124003119,1384241,анимационный,«6+» для детей старше 6 лет
Игрища престолов,121013419,1378306.01,художественный,«18+» запрещено для детей
Мантра: Путешествие со звуком,126004218,1362546.5,другой,«12+» для детей старше 12 лет
Отверженные,121035819,1342936.5,художественный,«18+» запрещено для детей
Беглецы,121021918,1342679,художественный,«16+» для детей старше 16 лет
"Извините, мы вас не застали",121030619,1315843,художественный,«16+» для детей старше 16 лет
Заметки Манджика. Я калмык,211053919,1293300,художественный,«16+» для детей старше 16 лет
Злой дух,121007819,1288427,художественный,«18+» запрещено для детей
Собаки не носят штанов,121035219,1281198,художественный,«18+» запрещено для детей
Мобильный воин Гандам: Нарратив,124005319,1280497.5,анимационный,«12+» для детей старше 12 лет
Это не навсегда,111008719,1279863,художественный,«12+» для детей старше 12 лет
Наше время,121031618,1269669.5,художественный,«18+» запрещено для детей
Короткий метр. Канны-2019,226010219,1263601,другой,«16+» для детей старше 16 лет
Короткие волны,111003819,1263461.52,художественный,«16+» для детей старше 16 лет
Точка возврата,121032018,1253807,художественный,«18+» запрещено для детей
Они никогда не станут старше,,1252862.5,другой,«18+» запрещено для детей
Спящая принцесса,124006719,1252718.5,анимационный,«6+» для детей старше 6 лет
Чайка,121002519,1252028.5,художественный,«12+» для детей старше 12 лет
Мадонна: Рождение легенды,126000319,1230644,другой,«16+» для детей старше 16 лет
Дух Баухауса,126004619,1228130,другой,«16+» для детей старше 16 лет
Мозг. Эволюция,212020719,1222127.5,документальный,«12+» для детей старше 12 лет
Смотри мою любовь,111018018,1215773.5,художественный,«12+» для детей старше 12 лет
Берлинский фейсконтрольщик,126004519,1170658,другой,«16+» для детей старше 16 лет
Пароль H0us3 / Пароль: Хаус,121023919,1170454.5,художественный,«16+» для детей старше 16 лет
Маняшино озеро,111005219,1156776,художественный,«12+» для детей старше 12 лет
Русское краткое. Выпуск 2-6,111024718 / 111004219 / 111011419 / 111015019 / 111021018,1156482,художественный,«16+» для детей старше 16 лет / «18+» запрещено для детей
Короли интриги,121027619,1154562.5,художественный,«16+» для детей старше 16 лет
Бизнесмены,121005919,1142156.5,художественный,«16+» для детей старше 16 лет
Фиш и Чип. Вредные друзья,124004819,1135592,анимационный,«6+» для детей старше 6 лет
Частная война,121003819,1086442.54,художественный,«18+» запрещено для детей
"Зубы, писать и в постель",121027418,1074815,художественный,«18+» запрещено для детей
Последние любовники,121000319,1057968,художественный,«18+» запрещено для детей
Крик тишины,111025918,1042023,художественный,«6+» для детей старше 6 лет
Капитан семи морей,124002819,1035312.29,анимационный,«6+» для детей старше 6 лет
Эрмитаж. Сила искусства,126007819,1032821.51,другой,«16+» для детей старше 16 лет
Сила девяти Богов,124000419,1022685.5,анимационный,«12+» для детей старше 12 лет
Дефолт,121022419,1015408.5,художественный,«18+» запрещено для детей
Годовщина Революции,212007419,1003669,документальный,«12+» для детей старше 12 лет
Кокоша - Маленький дракон: Приключения в джунглях,124006419,977447.5,анимационный,«6+» для детей старше 6 лет
GORILLAZ: Долой фальшивых идолов,,956793,другой,«18+» запрещено для детей
Приключения оленёнка,126005519,956554.5,другой,«6+» для детей старше 6 лет
Спасатели,124002219,947288,анимационный,«6+» для детей старше 6 лет
Венеция зовет,121013819,944890,художественный,«12+» для детей старше 12 лет
Армен и Я,111013719,943479,художественный,«12+» для детей старше 12 лет
Штурм,211045219,941830,художественный,«12+» для детей старше 12 лет
Угоняя лошадей,121016519,931941,художественный,«16+» для детей старше 16 лет
Дарак Ыры (Песнь древа),131000118,930183,художественный,«6+» для детей старше 6 лет
"Однажды в Америке, или Чисто русская сказка",111026218,922848,художественный,«12+» для детей старше 12 лет
Малыш Джо,121033719,912125.4,художественный,«16+» для детей старше 16 лет
Призраки Шэрон Тейт,121016419,911340,художественный,«18+» запрещено для детей
Кругосветное путешествие Элькано и Магеллана,124009119,908580.5,анимационный,«6+» для детей старше 6 лет
Бернини,126002319,906638,другой,«12+» для детей старше 12 лет
Песнь дьявола,121015619,891760.5,художественный,«18+» запрещено для детей
Тайна Карлоса Кастанеды,213000919,891539.5,научно-популярный,«16+» для детей старше 16 лет
"С любовью, Антоша",126004319,891517.5,другой,«18+» запрещено для детей
Капитал в XXI веке,126003619,888182,другой,«16+» для детей старше 16 лет
Здесь была Бритт-Мари,121004019,880463,художественный,«12+» для детей старше 12 лет
Капитан Немо,212006419,876064,документальный,«12+» для детей старше 12 лет
Атлантика,121034619,874498,художественный,«16+» для детей старше 16 лет
Улётные букашки,124006019,874071,анимационный,«6+» для детей старше 6 лет
Тайный мир Анны,124000919,866283,анимационный,«12+» для детей старше 12 лет
Выпьем за любовь,121036319,836561,художественный,«16+» для детей старше 16 лет
Озеро Диких гусей,121036619,820589,художественный,«18+» запрещено для детей
"Кинопоэзия: Серебряный век, Друзья, прекрасен наш союз!, Но кто мы и откуда, От войны до наших дней",111025418 / 111026718 / 111026618 / 111026518,807846.51,художественный,«12+» для детей старше 12 лет / «16+» для детей старше 16 лет
Боже мой!,121026819,805605,художественный,«18+» запрещено для детей
Новая жизнь Аманды,121011019,800069.5,художественный,«16+» для детей старше 16 лет
Первая Республика,111004919,788647,художественный,«12+» для детей старше 12 лет
Людно внутри,126002019,761290,другой,«16+» для детей старше 16 лет
Акулы,121024419,754257,художественный,«16+» для детей старше 16 лет
Быть Харви Вайнштейном,126002619,752334.5,другой,«16+» для детей старше 16 лет
Тинторетто: Бунтарь в Венеции,126000519,750963,другой,«16+» для детей старше 16 лет
"Программа международного фестиваля короткометражного кино ""Kinematic Shorts-2019""",121025319,749703,художественный,«18+» запрещено для детей
Ярд,213000317,749047.5,научно-популярный,«6+» для детей старше шести лет
Бой,121028119,740803,художественный,«16+» для детей старше 16 лет
Воскресенье,111010219,716681.5,художественный,«16+» для детей старше 16 лет
Малышка Зомби,121023019,701958.5,художественный,«18+» запрещено для детей
"Программа короткометражного кино ""Nordic Shorts - 2019""",126003818,678340,другой,«18+» запрещено для детей
"Программа Лондонского международного анимационного фестиваля ""LIAF-2019""",124001219,663160,анимационный,«16+» для детей старше 16 лет
Троица,111008019,636446.5,художественный,«18+» запрещено для детей
Простой карандаш,111007319,636264,художественный,«16+» для детей старше 16 лет
"Коко-ди, Коко-да",121024219,627891,художественный,«18+» запрещено для детей
Любить нельзя расстаться,121030618,623349,художественный,«16+» для детей старше 16 лет
Первая любовь,121031119,599348,художественный,«18+» запрещено для детей
Конец сезона,111011719,596072,художественный,«16+» для детей старше 16 лет
The Oscar. Shorts,224000419,593540,анимационный,«12+» для детей старше 12 лет
18+,221027019,582335,художественный,«18+» запрещено для детей
Молодой Пикассо,,564224,другой,«12+» для детей старше 12 лет
По совести,111013819,547720,художественный,«16+» для детей старше 16 лет
Зеленее травы,121030119,543036.5,художественный,«16+» для детей старше 16 лет
"Кто твоя бабушка, чувак?!",121033919,533483,художественный,«16+» для детей старше 16 лет
Кире,111014619,509707,художественный,«12+» для детей старше 12 лет
Бунюэль в лабиринте черепах,124007719,508898.5,анимационный,«12+» для детей старше 12 лет
Потерянные в воспоминаниях,111018019,497190,художественный,«12+» для детей старше 12 лет
На волне (режиссерская версия),113000419,494964,научно-популярный,«0+» для любой зрительской аудитории
Однажды в Трубчевске,111008519,476537,художественный,«16+» для детей старше 16 лет
Анатолий Крупнов. Он был…,212023519,468553.5,документальный,«18+» запрещено для детей
Супергерои,126000719,463862,другой,«12+» для детей старше 12 лет
Тренинг личностного роста,121017419,463485,художественный,«18+» запрещено для детей
Палладио. Власть архитектуры,126003419,451387,другой,«12+» для детей старше 12 лет
Гоген,126006619,443885.5,другой,«12+» для детей старше 12 лет
Сквозь черное стекло,111018418,438755.5,художественный,«18+» запрещено для детей
До Нового года осталось...,111018819,434992.5,художественный,«12+» для детей старше 12 лет
Фильмы с севера: Между ними,126005119,426247.5,другой,«16+» для детей старше 16 лет
Куда течёт море,111003419,421571.5,художественный,«12+» для детей старше 12 лет
Everybody In The Place: Рейв как забастовка,126005419,419324,другой,«16+» для детей старше 16 лет
Русская невеста,121017319,391618,художественный,«18+» запрещено для детей
Гоген: В поисках утраченного рая,126001019,380009,другой,«16+» для детей старше 16 лет
Варда глазами Аньес,126005619,379195,другой,«16+» для детей старше 16 лет
Встреча с Горбачевым,126007719,372702.5,другой,«16+» для детей старше 16 лет
Вечер с Беверли Лафф Линн,121028919,369016.5,художественный,«16+» для детей старше 16 лет
Небо измеряется милями,111021919,367224,художественный,«12+» для детей старше 12 лет
SHNIT SHORTS 2019. Игровое кино,121009519,356127,художественный,«16+» для детей старше 16 лет
Марианна и Леонард: Слова любви,126004919,353361,другой,«18+» запрещено для детей
Пространство музыки,213003018,344167,научно-популярный,«12+» для детей старше 12 лет
Вертинский. Одинокий странник,212007019,342509,документальный,«12+» для детей старше 12 лет
Иванов,211043119,334970,художественный,«16+» для детей старше 16 лет
Земля гангстеров,121012319,327351.5,художественный,«16+» для детей старше 16 лет
Пи Джей Харви: A Dog Called Money,126004719,312396,другой,«16+» для детей старше 16 лет
Любовь - это…,226002119,305464,другой,«12+» для детей старше 12 лет
На берегу мечты,111002719,303620,художественный,«12+» для детей старше 12 лет
Юра музыкант,112003319,298060,документальный,«16+» для детей старше 16 лет
Золотая молодежь,121012419,292140,художественный,«18+» запрещено для детей
Канова,126002919,284470,другой,«12+» для детей старше 12 лет
Игра с огнем,121029319,281077,художественный,«18+» запрещено для детей
Я вернусь,111011919,264971,художественный,«6+» для детей старше 6 лет
#Москва-Руаян,121012819,264015,художественный,«16+» для детей старше 16 лет
Чистая правда,,260252,другой,«16+» для детей старше 16 лет
Пассажир из Сан-Франциско,111008014,239976,художественный,«16+» для детей старше 16 лет
Странники терпенья,111015518,238858,художественный,«16+» для детей старше 16 лет
Корпоративные животные,121032419,220728,художественный,«18+» запрещено для детей
Акрам Хан: Родом из Карри Хауса,126007919,219569,другой,«12+» для детей старше 12 лет
20:20. Альманах,226019519,204653,другой,«12+» для детей старше 12 лет
Слон и Бабочка,121016719,187973.5,художественный,«6+» для детей старше 6 лет
Обворожительная планета,111012318,187760,художественный,«16+» для детей старше 16 лет
Исцеляющая,121026119,183350,художественный,«16+» для детей старше 16 лет
Анна Каренина. Интимный дневник,111013919,182882.5,художественный,«16+» для детей старше 16 лет
Мистер Олимпия,121021619,179239,художественный,«12+» для детей старше 12 лет
Зверь,121035919,175003.51,художественный,«18+» запрещено для детей
Сулейман Гора,111017718,169040.5,художественный,«16+» для детей старше 16 лет
Последний бросок,121032919,160317,художественный,«18+» запрещено для детей
За кулисами,111003719,155938,художественный,«16+» для детей старше 16 лет
Если Бил-стрит могла бы заговорить,,142361,другой,«18+» запрещено для детей
Грани будущего,221011819,138750,художественный,«12+» для детей старше 12 лет
Город глазами кота,126003019,137200,другой,«12+» для детей старше 12 лет
44 котёнка,124005919,136958,анимационный,«6+» для детей старше 6 лет
Бойцовая воля,111001919,136900,художественный,«12+» для детей старше 12 лет
Вертолёты,112006918,136355,документальный,«16+» для детей старше 16 лет
"То, что никто не видит",111016218,135211,художественный,«18+» запрещено для детей
Проклятие крови,121025819,135020,художественный,«18+» запрещено для детей
Игры разума. Альманах,221043918,134970,художественный,«18+» запрещено для детей
Шарнохой - жёлтый пёс,111021819,129500,художественный,«16+» для детей старше 16 лет
SHNIT SHORTS 2019. Анимационная программа,124002519,128650,анимационный,«16+» для детей старше 16 лет
Дар,111005818,128191.5,художественный,«12+» для детей старше 12 лет
Семь пьяниц,211039219,119708,художественный,«16+» для детей старше 16 лет
Люби меня,,117440,другой,«12+» для детей старше 12 лет
Агент 044: Операция Гегард,121013119,116550,художественный,«12+» для детей старше 12 лет
Холстон,126007019,116360,другой,«16+» для детей старше 16 лет
Школа взросления,212004219,109855,документальный,«12+» для детей старше 12 лет
Разве плохо искать себе пару в подземелье? - Стрела Ориона,124005819,94900,анимационный,«16+» для детей старше 16 лет
Ромео. Акбар. Вальтер,,93750,другой,«12+» для детей старше 12 лет
Вера,211013119,91620,художественный,«16+» для детей старше 16 лет
Хроники Ртути,126002219,90290,другой,«18+» запрещено для детей
Лил Бак: Настоящий лебедь,126007319,83285,другой,«16+» для детей старше 16 лет
22 ярда,121014419,83100,художественный,«12+» для детей старше 12 лет
Антон Чехов и Исаак Левитан: двойной портрет в интерьере эпохи,112004019,81000,документальный,«0+» для любой зрительской аудитории
Одиссея Петра,111012118,78718.5,художественный,«12+» для детей старше 12 лет
Весури,111007619,75850,художественный,«12+» для детей старше 12 лет
Созданный в Бездне - Рассвет путешествия,124006319,75300,анимационный,«16+» для детей старше 16 лет
Созданный в Бездне - Блуждающие сумерки,124006219,73700,анимационный,«18+» запрещено для детей
Ганнибал,,67510,другой,«16+» для детей старше 16 лет
Ледники Чёрного Июса,213000819,66200,научно-популярный,«0+» для любой зрительской аудитории
Into_нация большой Одессы,212011619,62156,документальный,«16+» для детей старше 16 лет
Балет сегодня,126007219,59829,другой,«16+» для детей старше 16 лет
Кровь,111014018,55685,художественный,«18+» запрещено для детей
Хочется тишины,212002019,53100,документальный,«12+» для детей старше 12 лет
Глазами детей,211050219,50543,художественный,«18+» запрещено для детей
Доживем до каникул?..,111021918,41225,художественный,«12+» для детей старше 12 лет
Диего Марадона,126003519,38330,другой,«16+» для детей старше 16 лет
Стреляйте в пианиста,121016119,35413,художественный,«16+» для детей старше 16 лет
Колесо времени,111003219,34992,художественный,«6+» для детей старше 6 лет
Земная сторона Луны,211019419,33410,художественный,«6+» для детей старше 6 лет
Я вам не негр,,33325,другой,«18+» запрещено для детей
Ведьма Гор,211013019,32000,художественный,«16+» для детей старше 16 лет
Дядя Саша,211018618,28358,художественный,«18+» запрещено для детей
Дети футбола,212009319,13200,документальный,«0+» для любой зрительской аудитории
Время собирать цветы,112025118,7175,документальный,«12+» для детей старше 12 лет
Счастье - это…Часть 2,111005319,4398.4,художественный,«6+» для детей старше 6 лет